[
{"Ano":"2014","Mes":"julho","Chave-Movel-Digital":"22","Cartao-Cidadao":"9622","Advogado":"7","Solicitador":"0","Notario":"10"},
{"Ano":"2014","Mes":"agosto","Chave-Movel-Digital":"60","Cartao-Cidadao":"23170","Advogado":"12","Solicitador":"0","Notario":"0"},
{"Ano":"2014","Mes":"setembro","Chave-Movel-Digital":"178","Cartao-Cidadao":"28362","Advogado":"28","Solicitador":"10","Notario":"1"},
{"Ano":"2014","Mes":"outubro","Chave-Movel-Digital":"239","Cartao-Cidadao":"28324","Advogado":"15","Solicitador":"4","Notario":"1"},
{"Ano":"2014","Mes":"novembro","Chave-Movel-Digital":"283","Cartao-Cidadao":"26557","Advogado":"310","Solicitador":"296","Notario":"5"},
{"Ano":"2014","Mes":"dezembro","Chave-Movel-Digital":"206","Cartao-Cidadao":"29026","Advogado":"820","Solicitador":"228","Notario":"0"},
{"Ano":"2015","Mes":"janeiro","Chave-Movel-Digital":"315","Cartao-Cidadao":"38605","Advogado":"2306","Solicitador":"273","Notario":"0"},
{"Ano":"2015","Mes":"fevereiro","Chave-Movel-Digital":"184","Cartao-Cidadao":"49161","Advogado":"4370","Solicitador":"301","Notario":"0"},
{"Ano":"2015","Mes":"março","Chave-Movel-Digital":"867","Cartao-Cidadao":"50993","Advogado":"12443","Solicitador":"877","Notario":"0"},
{"Ano":"2015","Mes":"abril","Chave-Movel-Digital":"1219","Cartao-Cidadao":"72409","Advogado":"11305","Solicitador":"609","Notario":"0"},
{"Ano":"2015","Mes":"maio","Chave-Movel-Digital":"1008","Cartao-Cidadao":"62699","Advogado":"12322","Solicitador":"583","Notario":"0"},
{"Ano":"2015","Mes":"junho","Chave-Movel-Digital":"680","Cartao-Cidadao":"50389","Advogado":"11325","Solicitador":"558","Notario":"0"},
{"Ano":"2015","Mes":"julho","Chave-Movel-Digital":"757","Cartao-Cidadao":"49592","Advogado":"38851","Solicitador":"7266","Notario":"0"},
{"Ano":"2015","Mes":"agosto","Chave-Movel-Digital":"952","Cartao-Cidadao":"46554","Advogado":"32823","Solicitador":"7053","Notario":"0"},
{"Ano":"2015","Mes":"setembro","Chave-Movel-Digital":"1609","Cartao-Cidadao":"50949","Advogado":"41332","Solicitador":"8038","Notario":"72"},
{"Ano":"2015","Mes":"outubro","Chave-Movel-Digital":"1829","Cartao-Cidadao":"53664","Advogado":"49385","Solicitador":"8918","Notario":"45"},
{"Ano":"2015","Mes":"novembro","Chave-Movel-Digital":"1896","Cartao-Cidadao":"52250","Advogado":"47782","Solicitador":"8440","Notario":"334"},
{"Ano":"2015","Mes":"dezembro","Chave-Movel-Digital":"1312","Cartao-Cidadao":"49661","Advogado":"45231","Solicitador":"8824","Notario":"57"},
{"Ano":"2016","Mes":"janeiro","Chave-Movel-Digital":"1491","Cartao-Cidadao":"54384","Advogado":"52585","Solicitador":"11727","Notario":"58"},
{"Ano":"2016","Mes":"fevereiro","Chave-Movel-Digital":"1750","Cartao-Cidadao":"62922","Advogado":"47390","Solicitador":"9705","Notario":"61"},
{"Ano":"2016","Mes":"março","Chave-Movel-Digital":"1722","Cartao-Cidadao":"49583","Advogado":"44445","Solicitador":"9074","Notario":"19"},
{"Ano":"2016","Mes":"abril","Chave-Movel-Digital":"1688","Cartao-Cidadao":"57185","Advogado":"40580","Solicitador":"7561","Notario":"41"},
{"Ano":"2016","Mes":"maio","Chave-Movel-Digital":"2438","Cartao-Cidadao":"67121","Advogado":"41645","Solicitador":"7950","Notario":"20"},
{"Ano":"2016","Mes":"junho","Chave-Movel-Digital":"2027","Cartao-Cidadao":"56339","Advogado":"38628","Solicitador":"8880","Notario":"34"},
{"Ano":"2016","Mes":"julho","Chave-Movel-Digital":"2113","Cartao-Cidadao":"56156","Advogado":"42015","Solicitador":"8851","Notario":"39"},
{"Ano":"2016","Mes":"agosto","Chave-Movel-Digital":"2475","Cartao-Cidadao":"58801","Advogado":"30757","Solicitador":"6263","Notario":"34"},
{"Ano":"2016","Mes":"setembro","Chave-Movel-Digital":"3545","Cartao-Cidadao":"74798","Advogado":"36776","Solicitador":"7908","Notario":"25"},
{"Ano":"2016","Mes":"outubro","Chave-Movel-Digital":"3270","Cartao-Cidadao":"72780","Advogado":"39410","Solicitador":"7929","Notario":"20"},
{"Ano":"2016","Mes":"novembro","Chave-Movel-Digital":"3442","Cartao-Cidadao":"71819","Advogado":"43651","Solicitador":"8743","Notario":"18"},
{"Ano":"2016","Mes":"dezembro","Chave-Movel-Digital":"2891","Cartao-Cidadao":"65963","Advogado":"42743","Solicitador":"9158","Notario":"28"},
{"Ano":"2017","Mes":"janeiro","Chave-Movel-Digital":"5001","Cartao-Cidadao":"92383","Advogado":"51950","Solicitador":"12315","Notario":"26"},
{"Ano":"2017","Mes":"fevereiro","Chave-Movel-Digital":"4603","Cartao-Cidadao":"88636","Advogado":"40970","Solicitador":"9390","Notario":"6092"},
{"Ano":"2017","Mes":"março","Chave-Movel-Digital":"5644","Cartao-Cidadao":"100708","Advogado":"50094","Solicitador":"11816","Notario":"8921"},
{"Ano":"2017","Mes":"abril","Chave-Movel-Digital":"4805","Cartao-Cidadao":"112293","Advogado":"39206","Solicitador":"8349","Notario":"5376"},
{"Ano":"2017","Mes":"maio","Chave-Movel-Digital":"6873","Cartao-Cidadao":"135332","Advogado":"49343","Solicitador":"10126","Notario":"6426"},
{"Ano":"2017","Mes":"junho","Chave-Movel-Digital":"7825","Cartao-Cidadao":"122079","Advogado":"50168","Solicitador":"9974","Notario":"6641"},
{"Ano":"2017","Mes":"julho","Chave-Movel-Digital":"8175","Cartao-Cidadao":"112157","Advogado":"52697","Solicitador":"9654","Notario":"6756"},
{"Ano":"2017","Mes":"agosto","Chave-Movel-Digital":"7378","Cartao-Cidadao":"87166","Advogado":"37208","Solicitador":"7757","Notario":"5755"},
{"Ano":"2017","Mes":"setembro","Chave-Movel-Digital":"8583","Cartao-Cidadao":"92804","Advogado":"43565","Solicitador":"8897","Notario":"7226"},
{"Ano":"2017","Mes":"outubro","Chave-Movel-Digital":"10983","Cartao-Cidadao":"106887","Advogado":"50442","Solicitador":"11259","Notario":"6992"},
{"Ano":"2017","Mes":"novembro","Chave-Movel-Digital":"15660","Cartao-Cidadao":"104678","Advogado":"61994","Solicitador":"10995","Notario":"6834"},
{"Ano":"2017","Mes":"dezembro","Chave-Movel-Digital":"28437","Cartao-Cidadao":"98185","Advogado":"57147","Solicitador":"11679","Notario":"6989"},
{"Ano":"2018","Mes":"janeiro","Chave-Movel-Digital":"38646","Cartao-Cidadao":"139065","Advogado":"77111","Solicitador":"18702","Notario":"9052"},
{"Ano":"2018","Mes":"fevereiro","Chave-Movel-Digital":"34466","Cartao-Cidadao":"125048","Advogado":"54059","Solicitador":"10742","Notario":"6405"},
{"Ano":"2018","Mes":"março","Chave-Movel-Digital":"32178","Cartao-Cidadao":"121139","Advogado":"58674","Solicitador":"13840","Notario":"6951"},
{"Ano":"2018","Mes":"abril","Chave-Movel-Digital":"43469","Cartao-Cidadao":"145419","Advogado":"53229","Solicitador":"10687","Notario":"6528"},
{"Ano":"2018","Mes":"maio","Chave-Movel-Digital":"51697","Cartao-Cidadao":"163839","Advogado":"59755","Solicitador":"11159","Notario":"7572"},
{"Ano":"2018","Mes":"junho","Chave-Movel-Digital":"40605","Cartao-Cidadao":"147694","Advogado":"55438","Solicitador":"10719","Notario":"6048"},
{"Ano":"2018","Mes":"julho","Chave-Movel-Digital":"48663","Cartao-Cidadao":"146019","Advogado":"58268","Solicitador":"10829","Notario":"6791"},
{"Ano":"2018","Mes":"agosto","Chave-Movel-Digital":"48261","Cartao-Cidadao":"115178","Advogado":"42569","Solicitador":"8889","Notario":"5513"},
{"Ano":"2018","Mes":"setembro","Chave-Movel-Digital":"57047","Cartao-Cidadao":"116359","Advogado":"49407","Solicitador":"9117","Notario":"5224"},
{"Ano":"2018","Mes":"outubro","Chave-Movel-Digital":"69390","Cartao-Cidadao":"143441","Advogado":"65441","Solicitador":"12210","Notario":"6828"},
{"Ano":"2018","Mes":"novembro","Chave-Movel-Digital":"68400","Cartao-Cidadao":"119457","Advogado":"55641","Solicitador":"11933","Notario":"6161"},
{"Ano":"2018","Mes":"dezembro","Chave-Movel-Digital":"58812","Cartao-Cidadao":"108223","Advogado":"58839","Solicitador":"12605","Notario":"7566"},
{"Ano":"2019","Mes":"janeiro","Chave-Movel-Digital":"100781","Cartao-Cidadao":"176876","Advogado":"82225","Solicitador":"20760","Notario":"11215"},
{"Ano":"2019","Mes":"fevereiro","Chave-Movel-Digital":"116856","Cartao-Cidadao":"183113","Advogado":"77426","Solicitador":"19764","Notario":"10582"},
{"Ano":"2019","Mes":"março","Chave-Movel-Digital":"134675","Cartao-Cidadao":"173508","Advogado":"100601","Solicitador":"25769","Notario":"12481"},
{"Ano":"2019","Mes":"abril","Chave-Movel-Digital":"183067","Cartao-Cidadao":"248484","Advogado":"209020","Solicitador":"53598","Notario":"21280"},
{"Ano":"2019","Mes":"maio","Chave-Movel-Digital":"231915","Cartao-Cidadao":"213362","Advogado":"107995","Solicitador":"28144","Notario":"14928"},
{"Ano":"2019","Mes":"junho","Chave-Movel-Digital":"319922","Cartao-Cidadao":"239271","Advogado":"132223","Solicitador":"32205","Notario":"14624"},
{"Ano":"2019","Mes":"julho","Chave-Movel-Digital":"369897","Cartao-Cidadao":"225118","Advogado":"101357","Solicitador":"23927","Notario":"13440"},
{"Ano":"2019","Mes":"agosto","Chave-Movel-Digital":"336236","Cartao-Cidadao":"179196","Advogado":"61727","Solicitador":"14904","Notario":"8854"},
{"Ano":"2019","Mes":"setembro","Chave-Movel-Digital":"379991","Cartao-Cidadao":"197919","Advogado":"78806","Solicitador":"20236","Notario":"9782"},
{"Ano":"2019","Mes":"outubro","Chave-Movel-Digital":"454168","Cartao-Cidadao":"227502","Advogado":"124348","Solicitador":"29593","Notario":"13422"},
{"Ano":"2019","Mes":"novembro","Chave-Movel-Digital":"381200","Cartao-Cidadao":"179577","Advogado":"93389","Solicitador":"21387","Notario":"10929"},
{"Ano":"2019","Mes":"dezembro","Chave-Movel-Digital":"356529","Cartao-Cidadao":"160226","Advogado":"87137","Solicitador":"21079","Notario":"12680"},
{"Ano":"2020","Mes":"janeiro","Chave-Movel-Digital":"521878","Cartao-Cidadao":"239434","Advogado":"102832","Solicitador":"28418","Notario":"15018"},
{"Ano":"2020","Mes":"fevereiro","Chave-Movel-Digital":"493872","Cartao-Cidadao":"219470","Advogado":"106351","Solicitador":"31563","Notario":"19298"},
{"Ano":"2020","Mes":"março","Chave-Movel-Digital":"542088","Cartao-Cidadao":"212665","Advogado":"98507","Solicitador":"25718","Notario":"14736"},
{"Ano":"2020","Mes":"abril","Chave-Movel-Digital":"621611","Cartao-Cidadao":"226982","Advogado":"97749","Solicitador":"22804","Notario":"10359"},
{"Ano":"2020","Mes":"maio","Chave-Movel-Digital":"636729","Cartao-Cidadao":"296812","Advogado":"120529","Solicitador":"29705","Notario":"15632"},
{"Ano":"2020","Mes":"junho","Chave-Movel-Digital":"628235","Cartao-Cidadao":"309319","Advogado":"106723","Solicitador":"26912","Notario":"16712"},
{"Ano":"2020","Mes":"julho","Chave-Movel-Digital":"702891","Cartao-Cidadao":"350761","Advogado":"125666","Solicitador":"30708","Notario":"19816"},
{"Ano":"2020","Mes":"agosto","Chave-Movel-Digital":"599766","Cartao-Cidadao":"238705","Advogado":"88981","Solicitador":"25808","Notario":"15030"},
{"Ano":"2020","Mes":"setembro","Chave-Movel-Digital":"746799","Cartao-Cidadao":"297087","Advogado":"115333","Solicitador":"29206","Notario":"16934"},
{"Ano":"2020","Mes":"outubro","Chave-Movel-Digital":"835391","Cartao-Cidadao":"305324","Advogado":"129679","Solicitador":"32811","Notario":"18554"}
]
